,CHR,SNP,auc_tr,auc_te,acc_tr,acc_te,nb_patients
0,7,rs1635852,0.5425818405908692,0.5139512933300218,0.4128508705355888,0.4026197436474027,355758
1,7,rs4730273,0.5404791503254038,0.5028379642293364,0.21428108762690623,0.2086018113819673,355085
2,21,rs11203203,0.5410617870445733,0.5056494714563486,0.7301463140123804,0.7212042768711311,355400
3,21,rs6586282,0.5672701197387688,0.5019574099233688,0.24006164417872097,0.23727634897810046,339367
4,6,rs660895,0.6024687265881956,0.5329064114894241,0.7654251126126126,0.7593495568743596,355200
5,6,rs17342717,0.745951249287867,0.5700990772128685,0.895443225831839,0.8910225420203497,355778
6,6,rs3117582,0.6570301932497838,0.5403044192861867,0.7323300157915738,0.7272625095535674,355886
7,6,rs3131379,0.6751873535655929,0.5424112057660865,0.7206504019337793,0.7179187372113417,355780
8,6,rs12203592,0.6088724737373997,0.546073042600045,0.734845885514954,0.7251932842307517,349740
9,6,rs6903608,0.5399722779453965,0.5204817667226314,0.5173701367427289,0.5068695740525406,354315
10,3,rs771767,0.5263121118834796,0.501309374123338,0.5219499027073233,0.5095941872497413,355628
11,3,rs7626795,0.6341416597030185,0.550285644292935,0.48702714580304923,0.4807477772894764,354972
12,3,rs10937275,0.5235885426149764,0.5032547940540815,0.2916796658712559,0.2863358366686154,355791
13,11,rs1393350,0.5708745000288886,0.5192160456329586,0.7446890506678069,0.7373360037806332,355492
14,11,rs11220462,0.5909102067583092,0.4980806487008871,0.26270108408100773,0.25660797910662825,355324
15,11,rs544368,0.533862044319423,0.5053278315538662,0.6457467960706341,0.6336576860340851,355579
16,11,rs1847134,0.5603615940342042,0.517206289008846,0.6993635447910277,0.691723315175798,355406
17,11,rs964184,0.5433116283510031,0.5171858518268019,0.664560542395015,0.6558556327325535,355313
18,11,rs35705950,0.6161487037100435,0.5046709557700992,0.42982638779951454,0.42636304518955426,350609
19,19,rs3764650,0.6647592493922729,0.5414160663126384,0.7260828471608841,0.7239043600562588,355498
20,19,rs2075650,0.6243091011492203,0.5322473062772843,0.819073876104203,0.8148898341322891,355460
21,19,rs157580,0.536978332779364,0.5118713778607848,0.5929559366450441,0.5802141443224762,355647
22,19,rs6859,0.5368991835849076,0.5071714363196274,0.42420475319926876,0.40749032490324905,355550
23,19,rs439401,0.5369338041744776,0.505617796316641,0.5727591693984155,0.5549008141783995,355694
24,14,rs4899260,0.5463490102400834,0.5004399091128859,0.2598339259192583,0.2534204959719159,355504
25,14,rs183266,0.5272200517353379,0.5020959663543088,0.33662642608534304,0.3282803292699384,355694
26,17,rs8070723,0.562556917499052,0.5028729539916637,0.6928197210903293,0.6859617547806525,355599
27,17,rs393152,0.5743110206159304,0.5035163700905613,0.35925606657313974,0.3508930080567919,354978
28,17,rs4790333,0.5445472129308486,0.5019515488344197,0.6159894450195796,0.5995296394652744,355472
29,5,rs2853676,0.5367793587343627,0.5136778379801828,0.49961335676625657,0.4896802276536156,355625
30,5,rs16891982,0.6786506126513477,0.6445092703509818,0.6007379949357697,0.5925380516648306,355829
31,2,rs6742078,0.5794660349022488,0.5217531122726089,0.7948669565609229,0.7838209284772837,355072
32,2,rs2587695,0.543252485025695,0.5045997806195278,0.6818272654347918,0.6689896647227038,355285
33,2,rs4148325,0.5871951032373626,0.5175318470562887,0.777919153248508,0.7641283174381552,355240
34,2,rs702873,0.5406064900048977,0.508868258040328,0.3940459974558431,0.3831502161383285,355324
35,2,rs7566934,0.5267610182437689,0.5031525679867164,0.5401407104132454,0.5269048208219917,355624
36,4,rs2200733,0.6604624501374634,0.5446473248527373,0.7491034990957646,0.7468162181621816,355549
37,4,rs4505848,0.5583562783392998,0.5009356787964147,0.3926050892731618,0.37721143139923297,355650
38,1,rs673604,0.741160661799797,0.6392334510449234,0.6066099759851974,0.6044722397192477,355614
39,1,rs12130333,0.5585645027763112,0.5111451352625087,0.71061267762083,0.7080460287285857,355603
40,1,rs1329428,0.5419419976650772,0.5029474645348322,0.6834485343221927,0.6705664885823133,354887
41,1,rs646776,0.5425192986971987,0.5143579858954322,0.4713691173701796,0.4576631259484067,355857
42,13,rs690705,0.5339111781132508,0.5003168227049861,0.1912049925826256,0.18583074359320811,355247
43,13,rs9574565,0.5346115312095479,0.5029271447507448,0.5136204909140223,0.49401620540406155,353952
44,16,rs4785763,0.5319525977956876,0.5098881628689057,0.4728788381789434,0.46167610087665006,355442
45,16,rs258322,0.5415930154699149,0.5116293061695234,0.6955055358026914,0.6864205587497327,355504
46,16,rs1421085,0.5681595939129288,0.5148700892862996,0.68063890242151,0.6642073486674627,355109
47,16,rs2859631,0.6109534743472157,0.5241179134169163,0.6560725616433343,0.6516867849743266,355229
48,22,rs12484776,0.5651383278328803,0.5039758905739344,0.7862344922222098,0.7813220556311652,355628
49,22,rs735854,0.529046789915385,0.5038416382216154,0.4644327098097357,0.44959713719841554,355453
50,22,rs4821469,0.7599051625738145,0.639632988810994,0.6297404738779844,0.6265824929133681,354184
51,20,rs6010620,0.5352709114681269,0.5097893168271984,0.4938655057543443,0.48017030670976896,355123
52,20,rs291671,0.5414843883756143,0.5082472937430407,0.643435898446185,0.6305302262749072,355319
53,20,rs2273061,0.5318398585334351,0.5039674303308862,0.34951639311978483,0.34110550954267194,355454
54,9,rs4977574,0.5523547663235735,0.5133587707110832,0.6818171576000316,0.6668206399278954,355038
55,9,rs2383207,0.5588835299062178,0.5282395563126342,0.6117909632823538,0.5986355500016887,355306
56,12,rs7310409,0.537158799478919,0.5084320012364142,0.4623930518132675,0.4480520211054485,355546
57,12,rs2046383,0.5351547772788232,0.49693814943417763,0.826443514173503,0.8212999639899172,355452
58,12,rs939876,0.5942684881470027,0.4866480780100588,0.20967061997639255,0.20530374567201762,355820
59,12,rs653178,0.580732404747388,0.5376932235592567,0.5312694404801113,0.5087318297996914,355251
60,15,rs8041675,0.5292673170737728,0.501282272362175,0.6130814657186446,0.5982751049911617,355266
61,15,rs4702,0.5406215057563807,0.5102161576866541,0.5909427169036469,0.5783030862183418,355515
62,15,rs12913832,0.5721655782132937,0.5341213116118124,0.5509707095988635,0.5287154163566259,354792
63,15,rs4338740,0.5649170806348809,0.5062753353774055,0.7473453792435949,0.7384727927522368,355418
64,10,rs7903146,0.5653822214579106,0.5197155637163514,0.8328758123259301,0.8256949919446063,350075
65,8,rs4732812,0.5514966439110627,0.50239998587419,0.29911419813841006,0.2884042158307369,355610
66,8,rs1447295,0.5520007860970478,0.5154745517574191,0.6997227673776493,0.6870156891413147,355658
67,8,rs2279590,0.5501997800802342,0.5096505182461968,0.5132905410726943,0.49011577538001105,355516
68,8,rs2083637,0.5538397667681237,0.509132100266221,0.3235715892475537,0.3191731056899596,355640
69,18,rs613872,0.5488373454833424,0.5098811789065375,0.6062604548126046,0.5864687998010782,353904
70,18,rs9960767,0.7504578337012788,0.5617881585683937,0.5220540997464075,0.5160719518517684,354900
